#{"t_start": 1565970421.5745587, "env_id": "UR5KeepUp-v0"}
r,l,t
1.120448,24,3.092706
1.22983,48,3.317135
