#{"env_id": "UR5KeepUp-v0", "t_start": 1565971569.0113678}
r,l,t
1.109097,50,2.180065
0.825589,24,2.314749
