#{"t_start": 1566170116.7545922, "env_id": "UR5KeepUp-v0"}
r,l,t1.651019,36,238.572851
0.869615,24,239.059655
0.858968,24,239.459344
