#{"t_start": 1565969280.5386314, "env_id": "UR5KeepUp-v0"}
r,l,t
1.339639,50,3.141271
0.84197,24,3.273436
0.832565,24,3.393433
