#{"t_start": 1566169989.6328773, "env_id": "UR5KeepUp-v0"}
r,l,t
2.536566,50,2.036284
1.098455,24,2.171657
0.861733,24,2.29297
