#{"env_id": "UR5KeepUp-v0", "t_start": 1566169976.7047064}
r,l,t
1.039947,27,2.173203
1.917174,50,2.45492
