#{"env_id": "UR5KeepUp-v0", "t_start": 1565970525.5940137}
r,l,t
0.878193,24,2.942202
0.916074,50,3.172464
0.93762,21,3.286955
