#{"t_start": 1565971416.069915, "env_id": "UR5KeepUp-v0"}
r,l,t
0.810932,24,3.140398
1.069084,22,3.253373
1.133949,24,3.37148
0.630313,16,3.451968
